<?xml version="1.0" encoding="UTF-8"?>
<metadata xml:lang="en"><Esri><CreaDate>20150303</CreaDate><CreaTime>01583800</CreaTime><ArcGISFormat>1.0</ArcGISFormat><SyncOnce>TRUE</SyncOnce><DataProperties><lineage><Process ToolSource="c:\program files (x86)\arcgis\desktop10.2\ArcToolbox\Toolboxes\Data Management Tools.tbx\Merge" Date="20150303" Time="015838">Merge 'CulturalSpaces.csv Events';public_art_individual_locations C:\Users\carl\Desktop\webapp\vancouver_features\van_culture.shp "CULTURAL_S "CULTURAL_S" true true false 255 Text 0 0 ,First,#,CulturalSpaces.csv Events,CULTURAL_SPACE_NAME,-1,-1;WEBSITE "WEBSITE" true true false 255 Text 0 0 ,First,#,CulturalSpaces.csv Events,WEBSITE,-1,-1;TYPE "TYPE" true true false 255 Text 0 0 ,First,#,CulturalSpaces.csv Events,TYPE,-1,-1;PRIMARY_US "PRIMARY_US" true true false 255 Text 0 0 ,First,#,CulturalSpaces.csv Events,PRIMARY_USE,-1,-1;ADDRESS "ADDRESS" true true false 255 Text 0 0 ,First,#,CulturalSpaces.csv Events,ADDRESS,-1,-1;LOCAL_AREA "LOCAL_AREA" true true false 255 Text 0 0 ,First,#,CulturalSpaces.csv Events,LOCAL_AREA,-1,-1;OWNERSHIP "OWNERSHIP" true true false 255 Text 0 0 ,First,#,CulturalSpaces.csv Events,OWNERSHIP,-1,-1;SQUARE_FEE "SQUARE_FEE" true true false 8 Double 0 0 ,First,#,CulturalSpaces.csv Events,SQUARE_FEET,-1,-1;NUMBER_OF_ "NUMBER_OF_" true true false 4 Long 0 0 ,First,#,CulturalSpaces.csv Events,NUMBER_OF_SEATS,-1,-1;ACTIVE_SPA "ACTIVE_SPA" true true false 255 Text 0 0 ,First,#,CulturalSpaces.csv Events,ACTIVE_SPACE,-1,-1;LONGITUDE "LONGITUDE" true true false 8 Double 0 0 ,First,#,CulturalSpaces.csv Events,LONGITUDE,-1,-1;LATITIUDE "LATITIUDE" true true false 8 Double 0 0 ,First,#,CulturalSpaces.csv Events,LATITIUDE,-1,-1;NAME "NAME" true true false 50 Text 0 0 ,First,#,public_art_individual_locations,NAME,-1,-1;TITLE "TITLE" true true false 50 Text 0 0 ,First,#,public_art_individual_locations,TITLE,-1,-1"</Process><Process Name="Add Field" ToolSource="c:\program files (x86)\arcgis\desktop10.2\ArcToolbox\Toolboxes\Data Management Tools.tbx\AddField" Date="20150303" Time="020049">AddField van_culture culcount SHORT # # # # NULLABLE NON_REQUIRED #</Process></lineage></DataProperties></Esri></metadata>
