<?xml version="1.0" encoding="UTF-8"?>
<metadata xml:lang="en"><Esri><CreaDate>20150303</CreaDate><CreaTime>11392200</CreaTime><ArcGISFormat>1.0</ArcGISFormat><SyncOnce>TRUE</SyncOnce><DataProperties><lineage><Process ToolSource="c:\program files (x86)\arcgis\desktop10.2\ArcToolbox\Toolboxes\Data Management Tools.tbx\Merge" Date="20150303" Time="113922">Merge 'healthlinkbc_walkinclinics.csv Events';BCHHLTHCRF_point C:\Users\carl\Desktop\webapp\vancouver_features\van_healthv2.shp "SV_TAXONOM "SV_TAXONOM" true true false 255 Text 0 0 ,First,#,healthlinkbc_walkinclinics.csv Events,SV_TAXONOMY,-1,-1;TAXONOMY_N "TAXONOMY_N" true true false 255 Text 0 0 ,First,#,healthlinkbc_walkinclinics.csv Events,TAXONOMY_NAME,-1,-1;RG_REFEREN "RG_REFEREN" true true false 4 Long 0 0 ,First,#,healthlinkbc_walkinclinics.csv Events,RG_REFERENCE,-1,-1;RG_NAME "RG_NAME" true true false 255 Text 0 0 ,First,#,healthlinkbc_walkinclinics.csv Events,RG_NAME,-1,-1;SV_REFEREN "SV_REFEREN" true true false 4 Long 0 0 ,First,#,healthlinkbc_walkinclinics.csv Events,SV_REFERENCE,-1,-1;SV_NAME "SV_NAME" true true false 255 Text 0 0 ,First,#,healthlinkbc_walkinclinics.csv Events,SV_NAME,-1,-1;SV_DESCRIP "SV_DESCRIP" true true false 255 Text 0 0 ,First,#,healthlinkbc_walkinclinics.csv Events,SV_DESCRIPTION,-1,-1;SL_REFEREN "SL_REFEREN" true true false 4 Long 0 0 ,First,#,healthlinkbc_walkinclinics.csv Events,SL_REFERENCE,-1,-1;LC_REFEREN "LC_REFEREN" true true false 4 Long 0 0 ,First,#,healthlinkbc_walkinclinics.csv Events,LC_REFERENCE,-1,-1;PHONE_NUMB "PHONE_NUMB" true true false 8 Double 0 0 ,First,#,healthlinkbc_walkinclinics.csv Events,PHONE_NUMBER,-1,-1;WEBSITE "WEBSITE" true true false 255 Text 0 0 ,First,#,healthlinkbc_walkinclinics.csv Events,WEBSITE,-1,-1;EMAIL_ADDR "EMAIL_ADDR" true true false 255 Text 0 0 ,First,#,healthlinkbc_walkinclinics.csv Events,EMAIL_ADDRESS,-1,-1;WHEELCHAIR "WHEELCHAIR" true true false 255 Text 0 0 ,First,#,healthlinkbc_walkinclinics.csv Events,WHEELCHAIR_ACCESSIBLE,-1,-1;LANGUAGE "LANGUAGE" true true false 255 Text 0 0 ,First,#,healthlinkbc_walkinclinics.csv Events,LANGUAGE,-1,-1;HOURS "HOURS" true true false 255 Text 0 0 ,First,#,healthlinkbc_walkinclinics.csv Events,HOURS,-1,-1;STREET_NUM "STREET_NUM" true true false 255 Text 0 0 ,First,#,healthlinkbc_walkinclinics.csv Events,STREET_NUMBER,-1,-1;STREET_NAM "STREET_NAM" true true false 255 Text 0 0 ,First,#,healthlinkbc_walkinclinics.csv Events,STREET_NAME,-1,-1;STREET_TYP "STREET_TYP" true true false 255 Text 0 0 ,First,#,healthlinkbc_walkinclinics.csv Events,STREET_TYPE,-1,-1;STREET_DIR "STREET_DIR" true true false 255 Text 0 0 ,First,#,healthlinkbc_walkinclinics.csv Events,STREET_DIRECTION,-1,-1;CITY "CITY" true true false 255 Text 0 0 ,First,#,healthlinkbc_walkinclinics.csv Events,CITY,-1,-1;PROVINCE "PROVINCE" true true false 255 Text 0 0 ,First,#,healthlinkbc_walkinclinics.csv Events,PROVINCE,-1,-1,BCHHLTHCRF_point,PROVINCE,-1,-1;POSTAL_COD "POSTAL_COD" true true false 255 Text 0 0 ,First,#,healthlinkbc_walkinclinics.csv Events,POSTAL_CODE,-1,-1;LATITUDE "LATITUDE" true true false 8 Double 0 0 ,First,#,healthlinkbc_walkinclinics.csv Events,LATITUDE,-1,-1,BCHHLTHCRF_point,LATITUDE,-1,-1;LONGITUDE "LONGITUDE" true true false 8 Double 0 0 ,First,#,healthlinkbc_walkinclinics.csv Events,LONGITUDE,-1,-1,BCHHLTHCRF_point,LONGITUDE,-1,-1;811_LINK "811_LINK" true true false 255 Text 0 0 ,First,#,healthlinkbc_walkinclinics.csv Events,811_LINK,-1,-1;HLTHTHRTNM "HLTHTHRTNM" true true false 254 Text 0 0 ,First,#,BCHHLTHCRF_point,HLTHTHRTNM,-1,-1;STNMBR "STNMBR" true true false 12 Double 0 12 ,First,#,BCHHLTHCRF_point,STNMBR,-1,-1;PSTLCD "PSTLCD" true true false 254 Text 0 0 ,First,#,BCHHLTHCRF_point,PSTLCD,-1,-1;PHNNMBR "PHNNMBR" true true false 254 Text 0 0 ,First,#,BCHHLTHCRF_point,PHNNMBR,-1,-1;OBJECTID "OBJECTID" true true false 38 Double 0 38 ,First,#,BCHHLTHCRF_point,OBJECTID,-1,-1;MNCPLT "MNCPLT" true true false 254 Text 0 0 ,First,#,BCHHLTHCRF_point,MNCPLT,-1,-1;LCLHLTHRNM "LCLHLTHRNM" true true false 254 Text 0 0 ,First,#,BCHHLTHCRF_point,LCLHLTHRNM,-1,-1;LCLHLTHRCD "LCLHLTHRCD" true true false 254 Text 0 0 ,First,#,BCHHLTHCRF_point,LCLHLTHRCD,-1,-1;ADDRESS "ADDRESS" true true false 254 Text 0 0 ,First,#,BCHHLTHCRF_point,ADDRESS,-1,-1;FCLTNM "FCLTNM" true true false 254 Text 0 0 ,First,#,BCHHLTHCRF_point,FCLTNM,-1,-1;FCLTTP "FCLTTP" true true false 254 Text 0 0 ,First,#,BCHHLTHCRF_point,FCLTTP,-1,-1;GCDNGMTHD "GCDNGMTHD" true true false 254 Text 0 0 ,First,#,BCHHLTHCRF_point,GCDNGMTHD,-1,-1;HLTHTHRTCD "HLTHTHRTCD" true true false 254 Text 0 0 ,First,#,BCHHLTHCRF_point,HLTHTHRTCD,-1,-1;HLTHSRVCD1 "HLTHSRVCD1" true true false 254 Text 0 0 ,First,#,BCHHLTHCRF_point,HLTHSRVCD1,-1,-1;HLTHSRVCDL "HLTHSRVCDL" true true false 254 Text 0 0 ,First,#,BCHHLTHCRF_point,HLTHSRVCDL,-1,-1;HLTHCRFCLT "HLTHCRFCLT" true true false 10 Double 0 10 ,First,#,BCHHLTHCRF_point,HLTHCRFCLT,-1,-1"</Process></lineage></DataProperties></Esri></metadata>
