<?xml version="1.0" encoding="UTF-8"?>
<metadata xml:lang="en"><Esri><CreaDate>20150303</CreaDate><CreaTime>12585700</CreaTime><ArcGISFormat>1.0</ArcGISFormat><SyncOnce>FALSE</SyncOnce><DataProperties><lineage><Process ToolSource="c:\program files (x86)\arcgis\desktop10.2\ArcToolbox\Toolboxes\Data Management Tools.tbx\CalculateField" Date="20150302" Time="215253">CalculateField sample_shape UID "[FID] + 1" VB #</Process><Process Name="Add Field" ToolSource="c:\program files (x86)\arcgis\desktop10.2\ArcToolbox\Toolboxes\Data Management Tools.tbx\AddField" Date="20150302" Time="224309">AddField sample_shape reccount SHORT # # # # NULLABLE NON_REQUIRED #</Process><Process Name="Spatial Join" ToolSource="c:\program files (x86)\arcgis\desktop10.2\ArcToolbox\Toolboxes\Analysis Tools.tbx\SpatialJoin" Date="20150302" Time="225338">SpatialJoin sample_shape C:\Users\carl\Desktop\webapp\edmonton_features\ed_recfacilities.shp C:\Users\carl\Desktop\webapp\edmonton_features\sample_shape2.shp JOIN_ONE_TO_ONE KEEP_ALL "DAUID "DAUID" true true false 8 Text 0 0 ,First,#,C:\Users\carl\Desktop\webapp\sample_shape.shp,DAUID,-1,-1;CDUID "CDUID" true true false 4 Text 0 0 ,First,#,C:\Users\carl\Desktop\webapp\sample_shape.shp,CDUID,-1,-1;CDNAME "CDNAME" true true false 40 Text 0 0 ,First,#,C:\Users\carl\Desktop\webapp\sample_shape.shp,CDNAME,-1,-1;CDTYPE "CDTYPE" true true false 3 Text 0 0 ,First,#,C:\Users\carl\Desktop\webapp\sample_shape.shp,CDTYPE,-1,-1;CSDUID "CSDUID" true true false 7 Text 0 0 ,First,#,C:\Users\carl\Desktop\webapp\sample_shape.shp,CSDUID,-1,-1;CSDNAME "CSDNAME" true true false 55 Text 0 0 ,First,#,C:\Users\carl\Desktop\webapp\sample_shape.shp,CSDNAME,-1,-1;CSDTYPE "CSDTYPE" true true false 3 Text 0 0 ,First,#,C:\Users\carl\Desktop\webapp\sample_shape.shp,CSDTYPE,-1,-1;CCSUID "CCSUID" true true false 7 Text 0 0 ,First,#,C:\Users\carl\Desktop\webapp\sample_shape.shp,CCSUID,-1,-1;CCSNAME "CCSNAME" true true false 55 Text 0 0 ,First,#,C:\Users\carl\Desktop\webapp\sample_shape.shp,CCSNAME,-1,-1;ERUID "ERUID" true true false 4 Text 0 0 ,First,#,C:\Users\carl\Desktop\webapp\sample_shape.shp,ERUID,-1,-1;ERNAME "ERNAME" true true false 85 Text 0 0 ,First,#,C:\Users\carl\Desktop\webapp\sample_shape.shp,ERNAME,-1,-1;CMAPUID "CMAPUID" true true false 5 Text 0 0 ,First,#,C:\Users\carl\Desktop\webapp\sample_shape.shp,CMAPUID,-1,-1;CMAUID "CMAUID" true true false 3 Text 0 0 ,First,#,C:\Users\carl\Desktop\webapp\sample_shape.shp,CMAUID,-1,-1;CMANAME "CMANAME" true true false 100 Text 0 0 ,First,#,C:\Users\carl\Desktop\webapp\sample_shape.shp,CMANAME,-1,-1;CMATYPE "CMATYPE" true true false 1 Text 0 0 ,First,#,C:\Users\carl\Desktop\webapp\sample_shape.shp,CMATYPE,-1,-1;SACCODE "SACCODE" true true false 3 Text 0 0 ,First,#,C:\Users\carl\Desktop\webapp\sample_shape.shp,SACCODE,-1,-1;SACTYPE "SACTYPE" true true false 1 Text 0 0 ,First,#,C:\Users\carl\Desktop\webapp\sample_shape.shp,SACTYPE,-1,-1;CTUID "CTUID" true true false 10 Text 0 0 ,First,#,C:\Users\carl\Desktop\webapp\sample_shape.shp,CTUID,-1,-1;CTNAME "CTNAME" true true false 7 Text 0 0 ,First,#,C:\Users\carl\Desktop\webapp\sample_shape.shp,CTNAME,-1,-1;PRUID "PRUID" true true false 2 Text 0 0 ,First,#,C:\Users\carl\Desktop\webapp\sample_shape.shp,PRUID,-1,-1;PRNAME "PRNAME" true true false 55 Text 0 0 ,First,#,C:\Users\carl\Desktop\webapp\sample_shape.shp,PRNAME,-1,-1;UID "UID" true true false 4 Short 0 4 ,First,#,C:\Users\carl\Desktop\webapp\sample_shape.shp,UID,-1,-1;reccount "reccount" true true false 4 Short 0 4 ,Count,#,C:\Users\carl\Desktop\webapp\edmonton_features\ed_recfacilities.shp,reccount,-1,-1" INTERSECT # #</Process><Process Name="Spatial Join" ToolSource="c:\program files (x86)\arcgis\desktop10.2\ArcToolbox\Toolboxes\Analysis Tools.tbx\SpatialJoin" Date="20150302" Time="230415">SpatialJoin C:\Users\carl\Desktop\webapp\edmonton_features\sample_shape2.shp C:\Users\carl\Desktop\webapp\edmonton_features\ed_culture.shp C:\Users\carl\Desktop\webapp\edmonton_features\sample_shape3.shp JOIN_ONE_TO_ONE KEEP_ALL "Join_Count "Join_Count" true true false 9 Long 0 9 ,First,#,C:\Users\carl\Desktop\webapp\edmonton_features\sample_shape2.shp,Join_Count,-1,-1;TARGET_FID "TARGET_FID" true true false 9 Long 0 9 ,First,#,C:\Users\carl\Desktop\webapp\edmonton_features\sample_shape2.shp,TARGET_FID,-1,-1;DAUID "DAUID" true true false 8 Text 0 0 ,First,#,C:\Users\carl\Desktop\webapp\edmonton_features\sample_shape2.shp,DAUID,-1,-1;CDUID "CDUID" true true false 4 Text 0 0 ,First,#,C:\Users\carl\Desktop\webapp\edmonton_features\sample_shape2.shp,CDUID,-1,-1;CDNAME "CDNAME" true true false 40 Text 0 0 ,First,#,C:\Users\carl\Desktop\webapp\edmonton_features\sample_shape2.shp,CDNAME,-1,-1;CDTYPE "CDTYPE" true true false 3 Text 0 0 ,First,#,C:\Users\carl\Desktop\webapp\edmonton_features\sample_shape2.shp,CDTYPE,-1,-1;CSDUID "CSDUID" true true false 7 Text 0 0 ,First,#,C:\Users\carl\Desktop\webapp\edmonton_features\sample_shape2.shp,CSDUID,-1,-1;CSDNAME "CSDNAME" true true false 55 Text 0 0 ,First,#,C:\Users\carl\Desktop\webapp\edmonton_features\sample_shape2.shp,CSDNAME,-1,-1;CSDTYPE "CSDTYPE" true true false 3 Text 0 0 ,First,#,C:\Users\carl\Desktop\webapp\edmonton_features\sample_shape2.shp,CSDTYPE,-1,-1;CCSUID "CCSUID" true true false 7 Text 0 0 ,First,#,C:\Users\carl\Desktop\webapp\edmonton_features\sample_shape2.shp,CCSUID,-1,-1;CCSNAME "CCSNAME" true true false 55 Text 0 0 ,First,#,C:\Users\carl\Desktop\webapp\edmonton_features\sample_shape2.shp,CCSNAME,-1,-1;ERUID "ERUID" true true false 4 Text 0 0 ,First,#,C:\Users\carl\Desktop\webapp\edmonton_features\sample_shape2.shp,ERUID,-1,-1;ERNAME "ERNAME" true true false 85 Text 0 0 ,First,#,C:\Users\carl\Desktop\webapp\edmonton_features\sample_shape2.shp,ERNAME,-1,-1;CMAPUID "CMAPUID" true true false 5 Text 0 0 ,First,#,C:\Users\carl\Desktop\webapp\edmonton_features\sample_shape2.shp,CMAPUID,-1,-1;CMAUID "CMAUID" true true false 3 Text 0 0 ,First,#,C:\Users\carl\Desktop\webapp\edmonton_features\sample_shape2.shp,CMAUID,-1,-1;CMANAME "CMANAME" true true false 100 Text 0 0 ,First,#,C:\Users\carl\Desktop\webapp\edmonton_features\sample_shape2.shp,CMANAME,-1,-1;CMATYPE "CMATYPE" true true false 1 Text 0 0 ,First,#,C:\Users\carl\Desktop\webapp\edmonton_features\sample_shape2.shp,CMATYPE,-1,-1;SACCODE "SACCODE" true true false 3 Text 0 0 ,First,#,C:\Users\carl\Desktop\webapp\edmonton_features\sample_shape2.shp,SACCODE,-1,-1;SACTYPE "SACTYPE" true true false 1 Text 0 0 ,First,#,C:\Users\carl\Desktop\webapp\edmonton_features\sample_shape2.shp,SACTYPE,-1,-1;CTUID "CTUID" true true false 10 Text 0 0 ,First,#,C:\Users\carl\Desktop\webapp\edmonton_features\sample_shape2.shp,CTUID,-1,-1;CTNAME "CTNAME" true true false 7 Text 0 0 ,First,#,C:\Users\carl\Desktop\webapp\edmonton_features\sample_shape2.shp,CTNAME,-1,-1;PRUID "PRUID" true true false 2 Text 0 0 ,First,#,C:\Users\carl\Desktop\webapp\edmonton_features\sample_shape2.shp,PRUID,-1,-1;PRNAME "PRNAME" true true false 55 Text 0 0 ,First,#,C:\Users\carl\Desktop\webapp\edmonton_features\sample_shape2.shp,PRNAME,-1,-1;UID "UID" true true false 4 Short 0 4 ,First,#,C:\Users\carl\Desktop\webapp\edmonton_features\sample_shape2.shp,UID,-1,-1;reccount "reccount" true true false 4 Short 0 4 ,First,#,C:\Users\carl\Desktop\webapp\edmonton_features\sample_shape2.shp,reccount,-1,-1;culcount "culcount" true true false 0 Short 0 0 ,Count,#,C:\Users\carl\Desktop\webapp\edmonton_features\ed_culture.shp,culcount,-1,-1" INTERSECT # #</Process><Process Name="Spatial Join" ToolSource="c:\program files (x86)\arcgis\desktop10.2\ArcToolbox\Toolboxes\Analysis Tools.tbx\SpatialJoin" Date="20150302" Time="231140">SpatialJoin C:\Users\carl\Desktop\webapp\edmonton_features\sample_shape3.shp C:\Users\carl\Desktop\webapp\edmonton_features\ed_gasstation.shp C:\Users\carl\Desktop\webapp\edmonton_features\sample_shape4.shp JOIN_ONE_TO_ONE KEEP_ALL "Join_Count "Join_Count" true true false 9 Long 0 9 ,First,#,C:\Users\carl\Desktop\webapp\edmonton_features\sample_shape3.shp,Join_Count,-1,-1;TARGET_FID "TARGET_FID" true true false 9 Long 0 9 ,First,#,C:\Users\carl\Desktop\webapp\edmonton_features\sample_shape3.shp,TARGET_FID,-1,-1;Join_Cou_1 "Join_Cou_1" true true false 9 Long 0 9 ,First,#,C:\Users\carl\Desktop\webapp\edmonton_features\sample_shape3.shp,Join_Cou_1,-1,-1;TARGET_F_1 "TARGET_F_1" true true false 9 Long 0 9 ,First,#,C:\Users\carl\Desktop\webapp\edmonton_features\sample_shape3.shp,TARGET_F_1,-1,-1;DAUID "DAUID" true true false 8 Text 0 0 ,First,#,C:\Users\carl\Desktop\webapp\edmonton_features\sample_shape3.shp,DAUID,-1,-1;CDUID "CDUID" true true false 4 Text 0 0 ,First,#,C:\Users\carl\Desktop\webapp\edmonton_features\sample_shape3.shp,CDUID,-1,-1;CDNAME "CDNAME" true true false 40 Text 0 0 ,First,#,C:\Users\carl\Desktop\webapp\edmonton_features\sample_shape3.shp,CDNAME,-1,-1;CDTYPE "CDTYPE" true true false 3 Text 0 0 ,First,#,C:\Users\carl\Desktop\webapp\edmonton_features\sample_shape3.shp,CDTYPE,-1,-1;CSDUID "CSDUID" true true false 7 Text 0 0 ,First,#,C:\Users\carl\Desktop\webapp\edmonton_features\sample_shape3.shp,CSDUID,-1,-1;CSDNAME "CSDNAME" true true false 55 Text 0 0 ,First,#,C:\Users\carl\Desktop\webapp\edmonton_features\sample_shape3.shp,CSDNAME,-1,-1;CSDTYPE "CSDTYPE" true true false 3 Text 0 0 ,First,#,C:\Users\carl\Desktop\webapp\edmonton_features\sample_shape3.shp,CSDTYPE,-1,-1;CCSUID "CCSUID" true true false 7 Text 0 0 ,First,#,C:\Users\carl\Desktop\webapp\edmonton_features\sample_shape3.shp,CCSUID,-1,-1;CCSNAME "CCSNAME" true true false 55 Text 0 0 ,First,#,C:\Users\carl\Desktop\webapp\edmonton_features\sample_shape3.shp,CCSNAME,-1,-1;ERUID "ERUID" true true false 4 Text 0 0 ,First,#,C:\Users\carl\Desktop\webapp\edmonton_features\sample_shape3.shp,ERUID,-1,-1;ERNAME "ERNAME" true true false 85 Text 0 0 ,First,#,C:\Users\carl\Desktop\webapp\edmonton_features\sample_shape3.shp,ERNAME,-1,-1;CMAPUID "CMAPUID" true true false 5 Text 0 0 ,First,#,C:\Users\carl\Desktop\webapp\edmonton_features\sample_shape3.shp,CMAPUID,-1,-1;CMAUID "CMAUID" true true false 3 Text 0 0 ,First,#,C:\Users\carl\Desktop\webapp\edmonton_features\sample_shape3.shp,CMAUID,-1,-1;CMANAME "CMANAME" true true false 100 Text 0 0 ,First,#,C:\Users\carl\Desktop\webapp\edmonton_features\sample_shape3.shp,CMANAME,-1,-1;CMATYPE "CMATYPE" true true false 1 Text 0 0 ,First,#,C:\Users\carl\Desktop\webapp\edmonton_features\sample_shape3.shp,CMATYPE,-1,-1;SACCODE "SACCODE" true true false 3 Text 0 0 ,First,#,C:\Users\carl\Desktop\webapp\edmonton_features\sample_shape3.shp,SACCODE,-1,-1;SACTYPE "SACTYPE" true true false 1 Text 0 0 ,First,#,C:\Users\carl\Desktop\webapp\edmonton_features\sample_shape3.shp,SACTYPE,-1,-1;CTUID "CTUID" true true false 10 Text 0 0 ,First,#,C:\Users\carl\Desktop\webapp\edmonton_features\sample_shape3.shp,CTUID,-1,-1;CTNAME "CTNAME" true true false 7 Text 0 0 ,First,#,C:\Users\carl\Desktop\webapp\edmonton_features\sample_shape3.shp,CTNAME,-1,-1;PRUID "PRUID" true true false 2 Text 0 0 ,First,#,C:\Users\carl\Desktop\webapp\edmonton_features\sample_shape3.shp,PRUID,-1,-1;PRNAME "PRNAME" true true false 55 Text 0 0 ,First,#,C:\Users\carl\Desktop\webapp\edmonton_features\sample_shape3.shp,PRNAME,-1,-1;UID "UID" true true false 4 Short 0 4 ,First,#,C:\Users\carl\Desktop\webapp\edmonton_features\sample_shape3.shp,UID,-1,-1;reccount "reccount" true true false 4 Short 0 4 ,First,#,C:\Users\carl\Desktop\webapp\edmonton_features\sample_shape3.shp,reccount,-1,-1;culcount "culcount" true true false 4 Short 0 4 ,First,#,C:\Users\carl\Desktop\webapp\edmonton_features\sample_shape3.shp,culcount,-1,-1;gascount "gascount" true true false 0 Short 0 0 ,Count,#,C:\Users\carl\Desktop\webapp\edmonton_features\ed_gasstation.shp,gascount,-1,-1" INTERSECT # #</Process><Process Name="Spatial Join" ToolSource="c:\program files (x86)\arcgis\desktop10.2\ArcToolbox\Toolboxes\Analysis Tools.tbx\SpatialJoin" Date="20150302" Time="232814">SpatialJoin sample_shape4 ed_greenspace C:\Users\carl\Desktop\webapp\edmonton_features\sample_shape5.shp JOIN_ONE_TO_ONE KEEP_ALL "Join_Count "Join_Count" true true false 9 Long 0 9 ,First,#,C:\Users\carl\Desktop\webapp\edmonton_features\sample_shape4.shp,Join_Count,-1,-1;TARGET_FID "TARGET_FID" true true false 9 Long 0 9 ,First,#,C:\Users\carl\Desktop\webapp\edmonton_features\sample_shape4.shp,TARGET_FID,-1,-1;Join_Cou_1 "Join_Cou_1" true true false 9 Long 0 9 ,First,#,C:\Users\carl\Desktop\webapp\edmonton_features\sample_shape4.shp,Join_Cou_1,-1,-1;TARGET_F_1 "TARGET_F_1" true true false 9 Long 0 9 ,First,#,C:\Users\carl\Desktop\webapp\edmonton_features\sample_shape4.shp,TARGET_F_1,-1,-1;Join_Cou_2 "Join_Cou_2" true true false 9 Long 0 9 ,First,#,C:\Users\carl\Desktop\webapp\edmonton_features\sample_shape4.shp,Join_Cou_2,-1,-1;TARGET_F_2 "TARGET_F_2" true true false 9 Long 0 9 ,First,#,C:\Users\carl\Desktop\webapp\edmonton_features\sample_shape4.shp,TARGET_F_2,-1,-1;DAUID "DAUID" true true false 8 Text 0 0 ,First,#,C:\Users\carl\Desktop\webapp\edmonton_features\sample_shape4.shp,DAUID,-1,-1;CDUID "CDUID" true true false 4 Text 0 0 ,First,#,C:\Users\carl\Desktop\webapp\edmonton_features\sample_shape4.shp,CDUID,-1,-1;CDNAME "CDNAME" true true false 40 Text 0 0 ,First,#,C:\Users\carl\Desktop\webapp\edmonton_features\sample_shape4.shp,CDNAME,-1,-1;CDTYPE "CDTYPE" true true false 3 Text 0 0 ,First,#,C:\Users\carl\Desktop\webapp\edmonton_features\sample_shape4.shp,CDTYPE,-1,-1;CSDUID "CSDUID" true true false 7 Text 0 0 ,First,#,C:\Users\carl\Desktop\webapp\edmonton_features\sample_shape4.shp,CSDUID,-1,-1;CSDNAME "CSDNAME" true true false 55 Text 0 0 ,First,#,C:\Users\carl\Desktop\webapp\edmonton_features\sample_shape4.shp,CSDNAME,-1,-1;CSDTYPE "CSDTYPE" true true false 3 Text 0 0 ,First,#,C:\Users\carl\Desktop\webapp\edmonton_features\sample_shape4.shp,CSDTYPE,-1,-1;CCSUID "CCSUID" true true false 7 Text 0 0 ,First,#,C:\Users\carl\Desktop\webapp\edmonton_features\sample_shape4.shp,CCSUID,-1,-1;CCSNAME "CCSNAME" true true false 55 Text 0 0 ,First,#,C:\Users\carl\Desktop\webapp\edmonton_features\sample_shape4.shp,CCSNAME,-1,-1;ERUID "ERUID" true true false 4 Text 0 0 ,First,#,C:\Users\carl\Desktop\webapp\edmonton_features\sample_shape4.shp,ERUID,-1,-1;ERNAME "ERNAME" true true false 85 Text 0 0 ,First,#,C:\Users\carl\Desktop\webapp\edmonton_features\sample_shape4.shp,ERNAME,-1,-1;CMAPUID "CMAPUID" true true false 5 Text 0 0 ,First,#,C:\Users\carl\Desktop\webapp\edmonton_features\sample_shape4.shp,CMAPUID,-1,-1;CMAUID "CMAUID" true true false 3 Text 0 0 ,First,#,C:\Users\carl\Desktop\webapp\edmonton_features\sample_shape4.shp,CMAUID,-1,-1;CMANAME "CMANAME" true true false 100 Text 0 0 ,First,#,C:\Users\carl\Desktop\webapp\edmonton_features\sample_shape4.shp,CMANAME,-1,-1;CMATYPE "CMATYPE" true true false 1 Text 0 0 ,First,#,C:\Users\carl\Desktop\webapp\edmonton_features\sample_shape4.shp,CMATYPE,-1,-1;SACCODE "SACCODE" true true false 3 Text 0 0 ,First,#,C:\Users\carl\Desktop\webapp\edmonton_features\sample_shape4.shp,SACCODE,-1,-1;SACTYPE "SACTYPE" true true false 1 Text 0 0 ,First,#,C:\Users\carl\Desktop\webapp\edmonton_features\sample_shape4.shp,SACTYPE,-1,-1;CTUID "CTUID" true true false 10 Text 0 0 ,First,#,C:\Users\carl\Desktop\webapp\edmonton_features\sample_shape4.shp,CTUID,-1,-1;CTNAME "CTNAME" true true false 7 Text 0 0 ,First,#,C:\Users\carl\Desktop\webapp\edmonton_features\sample_shape4.shp,CTNAME,-1,-1;PRUID "PRUID" true true false 2 Text 0 0 ,First,#,C:\Users\carl\Desktop\webapp\edmonton_features\sample_shape4.shp,PRUID,-1,-1;PRNAME "PRNAME" true true false 55 Text 0 0 ,First,#,C:\Users\carl\Desktop\webapp\edmonton_features\sample_shape4.shp,PRNAME,-1,-1;UID "UID" true true false 4 Short 0 4 ,First,#,C:\Users\carl\Desktop\webapp\edmonton_features\sample_shape4.shp,UID,-1,-1;reccount "reccount" true true false 4 Short 0 4 ,First,#,C:\Users\carl\Desktop\webapp\edmonton_features\sample_shape4.shp,reccount,-1,-1;culcount "culcount" true true false 4 Short 0 4 ,First,#,C:\Users\carl\Desktop\webapp\edmonton_features\sample_shape4.shp,culcount,-1,-1;gascount "gascount" true true false 4 Short 0 4 ,First,#,C:\Users\carl\Desktop\webapp\edmonton_features\sample_shape4.shp,gascount,-1,-1;parkcount "parkcount" true true false 0 Short 0 0 ,Count,#,C:\Users\carl\Desktop\webapp\edmonton_features\ed_greenspace.shp,parkcount,-1,-1" INTERSECT # #</Process><Process Name="Spatial Join" ToolSource="c:\program files (x86)\arcgis\desktop10.2\ArcToolbox\Toolboxes\Analysis Tools.tbx\SpatialJoin" Date="20150303" Time="014854">SpatialJoin sample_shape parks C:\Users\carl\Desktop\webapp\vancouver_features\sample_shapev2.shp JOIN_ONE_TO_ONE KEEP_ALL "Join_Count "Join_Count" true true false 9 Long 0 9 ,First,#,C:\Users\carl\Desktop\webapp\vancouver_features\sample_shape.shp,Join_Count,-1,-1;TARGET_FID "TARGET_FID" true true false 9 Long 0 9 ,First,#,C:\Users\carl\Desktop\webapp\vancouver_features\sample_shape.shp,TARGET_FID,-1,-1;Join_Cou_1 "Join_Cou_1" true true false 9 Long 0 9 ,First,#,C:\Users\carl\Desktop\webapp\vancouver_features\sample_shape.shp,Join_Cou_1,-1,-1;TARGET_F_1 "TARGET_F_1" true true false 9 Long 0 9 ,First,#,C:\Users\carl\Desktop\webapp\vancouver_features\sample_shape.shp,TARGET_F_1,-1,-1;Join_Cou_2 "Join_Cou_2" true true false 9 Long 0 9 ,First,#,C:\Users\carl\Desktop\webapp\vancouver_features\sample_shape.shp,Join_Cou_2,-1,-1;TARGET_F_2 "TARGET_F_2" true true false 9 Long 0 9 ,First,#,C:\Users\carl\Desktop\webapp\vancouver_features\sample_shape.shp,TARGET_F_2,-1,-1;Join_Cou_3 "Join_Cou_3" true true false 9 Long 0 9 ,First,#,C:\Users\carl\Desktop\webapp\vancouver_features\sample_shape.shp,Join_Cou_3,-1,-1;TARGET_F_3 "TARGET_F_3" true true false 9 Long 0 9 ,First,#,C:\Users\carl\Desktop\webapp\vancouver_features\sample_shape.shp,TARGET_F_3,-1,-1;DAUID "DAUID" true true false 8 Text 0 0 ,First,#,C:\Users\carl\Desktop\webapp\vancouver_features\sample_shape.shp,DAUID,-1,-1;CDUID "CDUID" true true false 4 Text 0 0 ,First,#,C:\Users\carl\Desktop\webapp\vancouver_features\sample_shape.shp,CDUID,-1,-1;CDNAME "CDNAME" true true false 40 Text 0 0 ,First,#,C:\Users\carl\Desktop\webapp\vancouver_features\sample_shape.shp,CDNAME,-1,-1;CDTYPE "CDTYPE" true true false 3 Text 0 0 ,First,#,C:\Users\carl\Desktop\webapp\vancouver_features\sample_shape.shp,CDTYPE,-1,-1;CSDUID "CSDUID" true true false 7 Text 0 0 ,First,#,C:\Users\carl\Desktop\webapp\vancouver_features\sample_shape.shp,CSDUID,-1,-1;CSDNAME "CSDNAME" true true false 55 Text 0 0 ,First,#,C:\Users\carl\Desktop\webapp\vancouver_features\sample_shape.shp,CSDNAME,-1,-1;CSDTYPE "CSDTYPE" true true false 3 Text 0 0 ,First,#,C:\Users\carl\Desktop\webapp\vancouver_features\sample_shape.shp,CSDTYPE,-1,-1;CCSUID "CCSUID" true true false 7 Text 0 0 ,First,#,C:\Users\carl\Desktop\webapp\vancouver_features\sample_shape.shp,CCSUID,-1,-1;CCSNAME "CCSNAME" true true false 55 Text 0 0 ,First,#,C:\Users\carl\Desktop\webapp\vancouver_features\sample_shape.shp,CCSNAME,-1,-1;ERUID "ERUID" true true false 4 Text 0 0 ,First,#,C:\Users\carl\Desktop\webapp\vancouver_features\sample_shape.shp,ERUID,-1,-1;ERNAME "ERNAME" true true false 85 Text 0 0 ,First,#,C:\Users\carl\Desktop\webapp\vancouver_features\sample_shape.shp,ERNAME,-1,-1;CMAPUID "CMAPUID" true true false 5 Text 0 0 ,First,#,C:\Users\carl\Desktop\webapp\vancouver_features\sample_shape.shp,CMAPUID,-1,-1;CMAUID "CMAUID" true true false 3 Text 0 0 ,First,#,C:\Users\carl\Desktop\webapp\vancouver_features\sample_shape.shp,CMAUID,-1,-1;CMANAME "CMANAME" true true false 100 Text 0 0 ,First,#,C:\Users\carl\Desktop\webapp\vancouver_features\sample_shape.shp,CMANAME,-1,-1;CMATYPE "CMATYPE" true true false 1 Text 0 0 ,First,#,C:\Users\carl\Desktop\webapp\vancouver_features\sample_shape.shp,CMATYPE,-1,-1;SACCODE "SACCODE" true true false 3 Text 0 0 ,First,#,C:\Users\carl\Desktop\webapp\vancouver_features\sample_shape.shp,SACCODE,-1,-1;SACTYPE "SACTYPE" true true false 1 Text 0 0 ,First,#,C:\Users\carl\Desktop\webapp\vancouver_features\sample_shape.shp,SACTYPE,-1,-1;CTUID "CTUID" true true false 10 Text 0 0 ,First,#,C:\Users\carl\Desktop\webapp\vancouver_features\sample_shape.shp,CTUID,-1,-1;CTNAME "CTNAME" true true false 7 Text 0 0 ,First,#,C:\Users\carl\Desktop\webapp\vancouver_features\sample_shape.shp,CTNAME,-1,-1;PRUID "PRUID" true true false 2 Text 0 0 ,First,#,C:\Users\carl\Desktop\webapp\vancouver_features\sample_shape.shp,PRUID,-1,-1;PRNAME "PRNAME" true true false 55 Text 0 0 ,First,#,C:\Users\carl\Desktop\webapp\vancouver_features\sample_shape.shp,PRNAME,-1,-1;UID "UID" true true false 4 Short 0 4 ,First,#,C:\Users\carl\Desktop\webapp\vancouver_features\sample_shape.shp,UID,-1,-1;reccount "reccount" true true false 4 Short 0 4 ,First,#,C:\Users\carl\Desktop\webapp\vancouver_features\sample_shape.shp,reccount,-1,-1;culcount "culcount" true true false 4 Short 0 4 ,First,#,C:\Users\carl\Desktop\webapp\vancouver_features\sample_shape.shp,culcount,-1,-1;gascount "gascount" true true false 4 Short 0 4 ,First,#,C:\Users\carl\Desktop\webapp\vancouver_features\sample_shape.shp,gascount,-1,-1;parkcount "parkcount" true true false 4 Short 0 4 ,First,#,C:\Users\carl\Desktop\webapp\vancouver_features\sample_shape.shp,parkcount,-1,-1;parkcount_1 "parkcount_1" true true false 0 Short 0 0 ,Count,#,C:\Users\carl\Desktop\webapp\vancouver_features\parks.shp,parkcount,-1,-1" INTERSECT # #</Process><Process Name="Spatial Join" ToolSource="c:\program files (x86)\arcgis\desktop10.2\ArcToolbox\Toolboxes\Analysis Tools.tbx\SpatialJoin" Date="20150303" Time="020051">SpatialJoin C:\Users\carl\Desktop\webapp\vancouver_features\sample_shapev2.shp van_culture C:\Users\carl\Desktop\webapp\vancouver_features\sample_shapev3.shp JOIN_ONE_TO_ONE KEEP_ALL "Join_Count "Join_Count" true true false 9 Long 0 9 ,First,#,C:\Users\carl\Desktop\webapp\vancouver_features\sample_shapev2.shp,Join_Count,-1,-1;TARGET_FID "TARGET_FID" true true false 9 Long 0 9 ,First,#,C:\Users\carl\Desktop\webapp\vancouver_features\sample_shapev2.shp,TARGET_FID,-1,-1;Join_Cou_1 "Join_Cou_1" true true false 9 Long 0 9 ,First,#,C:\Users\carl\Desktop\webapp\vancouver_features\sample_shapev2.shp,Join_Cou_1,-1,-1;TARGET_F_1 "TARGET_F_1" true true false 9 Long 0 9 ,First,#,C:\Users\carl\Desktop\webapp\vancouver_features\sample_shapev2.shp,TARGET_F_1,-1,-1;Join_Cou_2 "Join_Cou_2" true true false 9 Long 0 9 ,First,#,C:\Users\carl\Desktop\webapp\vancouver_features\sample_shapev2.shp,Join_Cou_2,-1,-1;TARGET_F_2 "TARGET_F_2" true true false 9 Long 0 9 ,First,#,C:\Users\carl\Desktop\webapp\vancouver_features\sample_shapev2.shp,TARGET_F_2,-1,-1;Join_Cou_3 "Join_Cou_3" true true false 9 Long 0 9 ,First,#,C:\Users\carl\Desktop\webapp\vancouver_features\sample_shapev2.shp,Join_Cou_3,-1,-1;TARGET_F_3 "TARGET_F_3" true true false 9 Long 0 9 ,First,#,C:\Users\carl\Desktop\webapp\vancouver_features\sample_shapev2.shp,TARGET_F_3,-1,-1;Join_Cou_4 "Join_Cou_4" true true false 9 Long 0 9 ,First,#,C:\Users\carl\Desktop\webapp\vancouver_features\sample_shapev2.shp,Join_Cou_4,-1,-1;TARGET_F_4 "TARGET_F_4" true true false 9 Long 0 9 ,First,#,C:\Users\carl\Desktop\webapp\vancouver_features\sample_shapev2.shp,TARGET_F_4,-1,-1;DAUID "DAUID" true true false 8 Text 0 0 ,First,#,C:\Users\carl\Desktop\webapp\vancouver_features\sample_shapev2.shp,DAUID,-1,-1;CDUID "CDUID" true true false 4 Text 0 0 ,First,#,C:\Users\carl\Desktop\webapp\vancouver_features\sample_shapev2.shp,CDUID,-1,-1;CDNAME "CDNAME" true true false 40 Text 0 0 ,First,#,C:\Users\carl\Desktop\webapp\vancouver_features\sample_shapev2.shp,CDNAME,-1,-1;CDTYPE "CDTYPE" true true false 3 Text 0 0 ,First,#,C:\Users\carl\Desktop\webapp\vancouver_features\sample_shapev2.shp,CDTYPE,-1,-1;CSDUID "CSDUID" true true false 7 Text 0 0 ,First,#,C:\Users\carl\Desktop\webapp\vancouver_features\sample_shapev2.shp,CSDUID,-1,-1;CSDNAME "CSDNAME" true true false 55 Text 0 0 ,First,#,C:\Users\carl\Desktop\webapp\vancouver_features\sample_shapev2.shp,CSDNAME,-1,-1;CSDTYPE "CSDTYPE" true true false 3 Text 0 0 ,First,#,C:\Users\carl\Desktop\webapp\vancouver_features\sample_shapev2.shp,CSDTYPE,-1,-1;CCSUID "CCSUID" true true false 7 Text 0 0 ,First,#,C:\Users\carl\Desktop\webapp\vancouver_features\sample_shapev2.shp,CCSUID,-1,-1;CCSNAME "CCSNAME" true true false 55 Text 0 0 ,First,#,C:\Users\carl\Desktop\webapp\vancouver_features\sample_shapev2.shp,CCSNAME,-1,-1;ERUID "ERUID" true true false 4 Text 0 0 ,First,#,C:\Users\carl\Desktop\webapp\vancouver_features\sample_shapev2.shp,ERUID,-1,-1;ERNAME "ERNAME" true true false 85 Text 0 0 ,First,#,C:\Users\carl\Desktop\webapp\vancouver_features\sample_shapev2.shp,ERNAME,-1,-1;CMAPUID "CMAPUID" true true false 5 Text 0 0 ,First,#,C:\Users\carl\Desktop\webapp\vancouver_features\sample_shapev2.shp,CMAPUID,-1,-1;CMAUID "CMAUID" true true false 3 Text 0 0 ,First,#,C:\Users\carl\Desktop\webapp\vancouver_features\sample_shapev2.shp,CMAUID,-1,-1;CMANAME "CMANAME" true true false 100 Text 0 0 ,First,#,C:\Users\carl\Desktop\webapp\vancouver_features\sample_shapev2.shp,CMANAME,-1,-1;CMATYPE "CMATYPE" true true false 1 Text 0 0 ,First,#,C:\Users\carl\Desktop\webapp\vancouver_features\sample_shapev2.shp,CMATYPE,-1,-1;SACCODE "SACCODE" true true false 3 Text 0 0 ,First,#,C:\Users\carl\Desktop\webapp\vancouver_features\sample_shapev2.shp,SACCODE,-1,-1;SACTYPE "SACTYPE" true true false 1 Text 0 0 ,First,#,C:\Users\carl\Desktop\webapp\vancouver_features\sample_shapev2.shp,SACTYPE,-1,-1;CTUID "CTUID" true true false 10 Text 0 0 ,First,#,C:\Users\carl\Desktop\webapp\vancouver_features\sample_shapev2.shp,CTUID,-1,-1;CTNAME "CTNAME" true true false 7 Text 0 0 ,First,#,C:\Users\carl\Desktop\webapp\vancouver_features\sample_shapev2.shp,CTNAME,-1,-1;PRUID "PRUID" true true false 2 Text 0 0 ,First,#,C:\Users\carl\Desktop\webapp\vancouver_features\sample_shapev2.shp,PRUID,-1,-1;PRNAME "PRNAME" true true false 55 Text 0 0 ,First,#,C:\Users\carl\Desktop\webapp\vancouver_features\sample_shapev2.shp,PRNAME,-1,-1;UID "UID" true true false 4 Short 0 4 ,First,#,C:\Users\carl\Desktop\webapp\vancouver_features\sample_shapev2.shp,UID,-1,-1;reccount "reccount" true true false 4 Short 0 4 ,First,#,C:\Users\carl\Desktop\webapp\vancouver_features\sample_shapev2.shp,reccount,-1,-1;culcount "culcount" true true false 4 Short 0 4 ,First,#,C:\Users\carl\Desktop\webapp\vancouver_features\sample_shapev2.shp,culcount,-1,-1;gascount "gascount" true true false 4 Short 0 4 ,First,#,C:\Users\carl\Desktop\webapp\vancouver_features\sample_shapev2.shp,gascount,-1,-1;parkcount "parkcount" true true false 4 Short 0 4 ,First,#,C:\Users\carl\Desktop\webapp\vancouver_features\sample_shapev2.shp,parkcount,-1,-1;parkcount_ "parkcount_" true true false 4 Short 0 4 ,First,#,C:\Users\carl\Desktop\webapp\vancouver_features\sample_shapev2.shp,parkcount_,-1,-1;culcount_1 "culcount_1" true true false 0 Short 0 0 ,Count,#,C:\Users\carl\Desktop\webapp\vancouver_features\van_culture.shp,culcount,-1,-1" INTERSECT # #</Process><Process ToolSource="c:\program files (x86)\arcgis\desktop10.2\ArcToolbox\Toolboxes\Data Management Tools.tbx\CalculateField" Date="20150303" Time="020314">CalculateField sample_shapev3 culcount [culcount_1] VB #</Process><Process ToolSource="c:\program files (x86)\arcgis\desktop10.2\ArcToolbox\Toolboxes\Data Management Tools.tbx\CalculateField" Date="20150303" Time="020357">CalculateField sample_shapev3 parkcount [parkcount_] VB #</Process><Process Name="Spatial Join" ToolSource="c:\program files (x86)\arcgis\desktop10.2\ArcToolbox\Toolboxes\Analysis Tools.tbx\SpatialJoin" Date="20150303" Time="020926">SpatialJoin sample_shapev3 van_rec C:\Users\carl\Desktop\webapp\vancouver_features\sample_shapev4.shp JOIN_ONE_TO_ONE KEEP_ALL "Join_Count "Join_Count" true true false 9 Long 0 9 ,First,#,C:\Users\carl\Desktop\webapp\vancouver_features\sample_shapev3.shp,Join_Count,-1,-1;TARGET_FID "TARGET_FID" true true false 9 Long 0 9 ,First,#,C:\Users\carl\Desktop\webapp\vancouver_features\sample_shapev3.shp,TARGET_FID,-1,-1;Join_Cou_1 "Join_Cou_1" true true false 9 Long 0 9 ,First,#,C:\Users\carl\Desktop\webapp\vancouver_features\sample_shapev3.shp,Join_Cou_1,-1,-1;TARGET_F_1 "TARGET_F_1" true true false 9 Long 0 9 ,First,#,C:\Users\carl\Desktop\webapp\vancouver_features\sample_shapev3.shp,TARGET_F_1,-1,-1;Join_Cou_2 "Join_Cou_2" true true false 9 Long 0 9 ,First,#,C:\Users\carl\Desktop\webapp\vancouver_features\sample_shapev3.shp,Join_Cou_2,-1,-1;TARGET_F_2 "TARGET_F_2" true true false 9 Long 0 9 ,First,#,C:\Users\carl\Desktop\webapp\vancouver_features\sample_shapev3.shp,TARGET_F_2,-1,-1;Join_Cou_3 "Join_Cou_3" true true false 9 Long 0 9 ,First,#,C:\Users\carl\Desktop\webapp\vancouver_features\sample_shapev3.shp,Join_Cou_3,-1,-1;TARGET_F_3 "TARGET_F_3" true true false 9 Long 0 9 ,First,#,C:\Users\carl\Desktop\webapp\vancouver_features\sample_shapev3.shp,TARGET_F_3,-1,-1;Join_Cou_4 "Join_Cou_4" true true false 9 Long 0 9 ,First,#,C:\Users\carl\Desktop\webapp\vancouver_features\sample_shapev3.shp,Join_Cou_4,-1,-1;TARGET_F_4 "TARGET_F_4" true true false 9 Long 0 9 ,First,#,C:\Users\carl\Desktop\webapp\vancouver_features\sample_shapev3.shp,TARGET_F_4,-1,-1;Join_Cou_5 "Join_Cou_5" true true false 9 Long 0 9 ,First,#,C:\Users\carl\Desktop\webapp\vancouver_features\sample_shapev3.shp,Join_Cou_5,-1,-1;TARGET_F_5 "TARGET_F_5" true true false 9 Long 0 9 ,First,#,C:\Users\carl\Desktop\webapp\vancouver_features\sample_shapev3.shp,TARGET_F_5,-1,-1;DAUID "DAUID" true true false 8 Text 0 0 ,First,#,C:\Users\carl\Desktop\webapp\vancouver_features\sample_shapev3.shp,DAUID,-1,-1;CDUID "CDUID" true true false 4 Text 0 0 ,First,#,C:\Users\carl\Desktop\webapp\vancouver_features\sample_shapev3.shp,CDUID,-1,-1;CDNAME "CDNAME" true true false 40 Text 0 0 ,First,#,C:\Users\carl\Desktop\webapp\vancouver_features\sample_shapev3.shp,CDNAME,-1,-1;CDTYPE "CDTYPE" true true false 3 Text 0 0 ,First,#,C:\Users\carl\Desktop\webapp\vancouver_features\sample_shapev3.shp,CDTYPE,-1,-1;CSDUID "CSDUID" true true false 7 Text 0 0 ,First,#,C:\Users\carl\Desktop\webapp\vancouver_features\sample_shapev3.shp,CSDUID,-1,-1;CSDNAME "CSDNAME" true true false 55 Text 0 0 ,First,#,C:\Users\carl\Desktop\webapp\vancouver_features\sample_shapev3.shp,CSDNAME,-1,-1;CSDTYPE "CSDTYPE" true true false 3 Text 0 0 ,First,#,C:\Users\carl\Desktop\webapp\vancouver_features\sample_shapev3.shp,CSDTYPE,-1,-1;CCSUID "CCSUID" true true false 7 Text 0 0 ,First,#,C:\Users\carl\Desktop\webapp\vancouver_features\sample_shapev3.shp,CCSUID,-1,-1;CCSNAME "CCSNAME" true true false 55 Text 0 0 ,First,#,C:\Users\carl\Desktop\webapp\vancouver_features\sample_shapev3.shp,CCSNAME,-1,-1;ERUID "ERUID" true true false 4 Text 0 0 ,First,#,C:\Users\carl\Desktop\webapp\vancouver_features\sample_shapev3.shp,ERUID,-1,-1;ERNAME "ERNAME" true true false 85 Text 0 0 ,First,#,C:\Users\carl\Desktop\webapp\vancouver_features\sample_shapev3.shp,ERNAME,-1,-1;CMAPUID "CMAPUID" true true false 5 Text 0 0 ,First,#,C:\Users\carl\Desktop\webapp\vancouver_features\sample_shapev3.shp,CMAPUID,-1,-1;CMAUID "CMAUID" true true false 3 Text 0 0 ,First,#,C:\Users\carl\Desktop\webapp\vancouver_features\sample_shapev3.shp,CMAUID,-1,-1;CMANAME "CMANAME" true true false 100 Text 0 0 ,First,#,C:\Users\carl\Desktop\webapp\vancouver_features\sample_shapev3.shp,CMANAME,-1,-1;CMATYPE "CMATYPE" true true false 1 Text 0 0 ,First,#,C:\Users\carl\Desktop\webapp\vancouver_features\sample_shapev3.shp,CMATYPE,-1,-1;SACCODE "SACCODE" true true false 3 Text 0 0 ,First,#,C:\Users\carl\Desktop\webapp\vancouver_features\sample_shapev3.shp,SACCODE,-1,-1;SACTYPE "SACTYPE" true true false 1 Text 0 0 ,First,#,C:\Users\carl\Desktop\webapp\vancouver_features\sample_shapev3.shp,SACTYPE,-1,-1;CTUID "CTUID" true true false 10 Text 0 0 ,First,#,C:\Users\carl\Desktop\webapp\vancouver_features\sample_shapev3.shp,CTUID,-1,-1;CTNAME "CTNAME" true true false 7 Text 0 0 ,First,#,C:\Users\carl\Desktop\webapp\vancouver_features\sample_shapev3.shp,CTNAME,-1,-1;PRUID "PRUID" true true false 2 Text 0 0 ,First,#,C:\Users\carl\Desktop\webapp\vancouver_features\sample_shapev3.shp,PRUID,-1,-1;PRNAME "PRNAME" true true false 55 Text 0 0 ,First,#,C:\Users\carl\Desktop\webapp\vancouver_features\sample_shapev3.shp,PRNAME,-1,-1;UID "UID" true true false 4 Short 0 4 ,First,#,C:\Users\carl\Desktop\webapp\vancouver_features\sample_shapev3.shp,UID,-1,-1;reccount "reccount" true true false 4 Short 0 4 ,First,#,C:\Users\carl\Desktop\webapp\vancouver_features\sample_shapev3.shp,reccount,-1,-1;culcount "culcount" true true false 4 Short 0 4 ,First,#,C:\Users\carl\Desktop\webapp\vancouver_features\sample_shapev3.shp,culcount,-1,-1;gascount "gascount" true true false 4 Short 0 4 ,First,#,C:\Users\carl\Desktop\webapp\vancouver_features\sample_shapev3.shp,gascount,-1,-1;parkcount "parkcount" true true false 4 Short 0 4 ,First,#,C:\Users\carl\Desktop\webapp\vancouver_features\sample_shapev3.shp,parkcount,-1,-1;reccount_1 "reccount_1" true true false 0 Short 0 0 ,Count,#,C:\Users\carl\Desktop\webapp\vancouver_features\van_rec.shp,reccount,-1,-1" INTERSECT # #</Process><Process ToolSource="c:\program files (x86)\arcgis\desktop10.2\ArcToolbox\Toolboxes\Data Management Tools.tbx\CalculateField" Date="20150303" Time="021353">CalculateField sample_shapev4 reccount "[reccount] + [parkcount]" VB #</Process><Process Name="Spatial Join" ToolSource="c:\program files (x86)\arcgis\desktop10.2\ArcToolbox\Toolboxes\Analysis Tools.tbx\SpatialJoin" Date="20150303" Time="025149">SpatialJoin sample_shapev4 exp C:\Users\carl\Desktop\webapp\vancouver_features\sample_shapev6.shp JOIN_ONE_TO_ONE KEEP_ALL "DAUID "DAUID" true true false 8 Text 0 0 ,First,#,C:\Users\carl\Desktop\webapp\vancouver_features\sample_shapev4.shp,DAUID,-1,-1;CDUID "CDUID" true true false 4 Text 0 0 ,First,#,C:\Users\carl\Desktop\webapp\vancouver_features\sample_shapev4.shp,CDUID,-1,-1;CDNAME "CDNAME" true true false 40 Text 0 0 ,First,#,C:\Users\carl\Desktop\webapp\vancouver_features\sample_shapev4.shp,CDNAME,-1,-1;CDTYPE "CDTYPE" true true false 3 Text 0 0 ,First,#,C:\Users\carl\Desktop\webapp\vancouver_features\sample_shapev4.shp,CDTYPE,-1,-1;CSDUID "CSDUID" true true false 7 Text 0 0 ,First,#,C:\Users\carl\Desktop\webapp\vancouver_features\sample_shapev4.shp,CSDUID,-1,-1;CSDNAME "CSDNAME" true true false 55 Text 0 0 ,First,#,C:\Users\carl\Desktop\webapp\vancouver_features\sample_shapev4.shp,CSDNAME,-1,-1;CSDTYPE "CSDTYPE" true true false 3 Text 0 0 ,First,#,C:\Users\carl\Desktop\webapp\vancouver_features\sample_shapev4.shp,CSDTYPE,-1,-1;CCSUID "CCSUID" true true false 7 Text 0 0 ,First,#,C:\Users\carl\Desktop\webapp\vancouver_features\sample_shapev4.shp,CCSUID,-1,-1;CCSNAME "CCSNAME" true true false 55 Text 0 0 ,First,#,C:\Users\carl\Desktop\webapp\vancouver_features\sample_shapev4.shp,CCSNAME,-1,-1;ERUID "ERUID" true true false 4 Text 0 0 ,First,#,C:\Users\carl\Desktop\webapp\vancouver_features\sample_shapev4.shp,ERUID,-1,-1;ERNAME "ERNAME" true true false 85 Text 0 0 ,First,#,C:\Users\carl\Desktop\webapp\vancouver_features\sample_shapev4.shp,ERNAME,-1,-1;CMAPUID "CMAPUID" true true false 5 Text 0 0 ,First,#,C:\Users\carl\Desktop\webapp\vancouver_features\sample_shapev4.shp,CMAPUID,-1,-1;CMAUID "CMAUID" true true false 3 Text 0 0 ,First,#,C:\Users\carl\Desktop\webapp\vancouver_features\sample_shapev4.shp,CMAUID,-1,-1;CMANAME "CMANAME" true true false 100 Text 0 0 ,First,#,C:\Users\carl\Desktop\webapp\vancouver_features\sample_shapev4.shp,CMANAME,-1,-1;CMATYPE "CMATYPE" true true false 1 Text 0 0 ,First,#,C:\Users\carl\Desktop\webapp\vancouver_features\sample_shapev4.shp,CMATYPE,-1,-1;SACCODE "SACCODE" true true false 3 Text 0 0 ,First,#,C:\Users\carl\Desktop\webapp\vancouver_features\sample_shapev4.shp,SACCODE,-1,-1;SACTYPE "SACTYPE" true true false 1 Text 0 0 ,First,#,C:\Users\carl\Desktop\webapp\vancouver_features\sample_shapev4.shp,SACTYPE,-1,-1;CTUID "CTUID" true true false 10 Text 0 0 ,First,#,C:\Users\carl\Desktop\webapp\vancouver_features\sample_shapev4.shp,CTUID,-1,-1;CTNAME "CTNAME" true true false 7 Text 0 0 ,First,#,C:\Users\carl\Desktop\webapp\vancouver_features\sample_shapev4.shp,CTNAME,-1,-1;PRUID "PRUID" true true false 2 Text 0 0 ,First,#,C:\Users\carl\Desktop\webapp\vancouver_features\sample_shapev4.shp,PRUID,-1,-1;PRNAME "PRNAME" true true false 55 Text 0 0 ,First,#,C:\Users\carl\Desktop\webapp\vancouver_features\sample_shapev4.shp,PRNAME,-1,-1;UID "UID" true true false 4 Short 0 4 ,First,#,C:\Users\carl\Desktop\webapp\vancouver_features\sample_shapev4.shp,UID,-1,-1;reccount "reccount" true true false 4 Short 0 4 ,First,#,C:\Users\carl\Desktop\webapp\vancouver_features\sample_shapev4.shp,reccount,-1,-1;culcount "culcount" true true false 4 Short 0 4 ,First,#,C:\Users\carl\Desktop\webapp\vancouver_features\sample_shapev4.shp,culcount,-1,-1;gascount "gascount" true true false 4 Short 0 4 ,First,#,C:\Users\carl\Desktop\webapp\vancouver_features\sample_shapev4.shp,gascount,-1,-1;green "green" true true false 13 Float 0 0 ,First,#,C:\Users\carl\Desktop\webapp\vancouver_features\sample_shapev4.shp,green,-1,-1;area "area" true true false 13 Float 0 0 ,First,#,C:\Users\carl\Desktop\webapp\vancouver_features\sample_shapev4.shp,area,-1,-1;area_final "area_final" true true false 13 Float 0 0 ,Sum,#,C:\Users\carl\Desktop\webapp\vancouver_features\exp.shp,area_final,-1,-1" CONTAINS # #</Process><Process ToolSource="c:\program files (x86)\arcgis\desktop10.2\ArcToolbox\Toolboxes\Data Management Tools.tbx\CalculateField" Date="20150303" Time="025220">CalculateField sample_shapev6 green "[area_final]/ [area]" VB #</Process><Process Name="Spatial Join" ToolSource="c:\program files (x86)\arcgis\desktop10.2\ArcToolbox\Toolboxes\Analysis Tools.tbx\SpatialJoin" Date="20150303" Time="030034">SpatialJoin sample_shapev6 ed_greenspace_poly2 C:\Users\carl\Desktop\webapp\sample_shapet2.shp JOIN_ONE_TO_ONE KEEP_ALL "Join_Count "Join_Count" true true false 9 Long 0 9 ,First,#,C:\Users\carl\Desktop\webapp\vancouver_features\sample_shapev6.shp,Join_Count,-1,-1;TARGET_FID "TARGET_FID" true true false 9 Long 0 9 ,First,#,C:\Users\carl\Desktop\webapp\vancouver_features\sample_shapev6.shp,TARGET_FID,-1,-1;DAUID "DAUID" true true false 8 Text 0 0 ,First,#,C:\Users\carl\Desktop\webapp\vancouver_features\sample_shapev6.shp,DAUID,-1,-1;CDUID "CDUID" true true false 4 Text 0 0 ,First,#,C:\Users\carl\Desktop\webapp\vancouver_features\sample_shapev6.shp,CDUID,-1,-1;CDNAME "CDNAME" true true false 40 Text 0 0 ,First,#,C:\Users\carl\Desktop\webapp\vancouver_features\sample_shapev6.shp,CDNAME,-1,-1;CDTYPE "CDTYPE" true true false 3 Text 0 0 ,First,#,C:\Users\carl\Desktop\webapp\vancouver_features\sample_shapev6.shp,CDTYPE,-1,-1;CSDUID "CSDUID" true true false 7 Text 0 0 ,First,#,C:\Users\carl\Desktop\webapp\vancouver_features\sample_shapev6.shp,CSDUID,-1,-1;CSDNAME "CSDNAME" true true false 55 Text 0 0 ,First,#,C:\Users\carl\Desktop\webapp\vancouver_features\sample_shapev6.shp,CSDNAME,-1,-1;CSDTYPE "CSDTYPE" true true false 3 Text 0 0 ,First,#,C:\Users\carl\Desktop\webapp\vancouver_features\sample_shapev6.shp,CSDTYPE,-1,-1;CCSUID "CCSUID" true true false 7 Text 0 0 ,First,#,C:\Users\carl\Desktop\webapp\vancouver_features\sample_shapev6.shp,CCSUID,-1,-1;CCSNAME "CCSNAME" true true false 55 Text 0 0 ,First,#,C:\Users\carl\Desktop\webapp\vancouver_features\sample_shapev6.shp,CCSNAME,-1,-1;ERUID "ERUID" true true false 4 Text 0 0 ,First,#,C:\Users\carl\Desktop\webapp\vancouver_features\sample_shapev6.shp,ERUID,-1,-1;ERNAME "ERNAME" true true false 85 Text 0 0 ,First,#,C:\Users\carl\Desktop\webapp\vancouver_features\sample_shapev6.shp,ERNAME,-1,-1;CMAPUID "CMAPUID" true true false 5 Text 0 0 ,First,#,C:\Users\carl\Desktop\webapp\vancouver_features\sample_shapev6.shp,CMAPUID,-1,-1;CMAUID "CMAUID" true true false 3 Text 0 0 ,First,#,C:\Users\carl\Desktop\webapp\vancouver_features\sample_shapev6.shp,CMAUID,-1,-1;CMANAME "CMANAME" true true false 100 Text 0 0 ,First,#,C:\Users\carl\Desktop\webapp\vancouver_features\sample_shapev6.shp,CMANAME,-1,-1;CMATYPE "CMATYPE" true true false 1 Text 0 0 ,First,#,C:\Users\carl\Desktop\webapp\vancouver_features\sample_shapev6.shp,CMATYPE,-1,-1;SACCODE "SACCODE" true true false 3 Text 0 0 ,First,#,C:\Users\carl\Desktop\webapp\vancouver_features\sample_shapev6.shp,SACCODE,-1,-1;SACTYPE "SACTYPE" true true false 1 Text 0 0 ,First,#,C:\Users\carl\Desktop\webapp\vancouver_features\sample_shapev6.shp,SACTYPE,-1,-1;CTUID "CTUID" true true false 10 Text 0 0 ,First,#,C:\Users\carl\Desktop\webapp\vancouver_features\sample_shapev6.shp,CTUID,-1,-1;CTNAME "CTNAME" true true false 7 Text 0 0 ,First,#,C:\Users\carl\Desktop\webapp\vancouver_features\sample_shapev6.shp,CTNAME,-1,-1;PRUID "PRUID" true true false 2 Text 0 0 ,First,#,C:\Users\carl\Desktop\webapp\vancouver_features\sample_shapev6.shp,PRUID,-1,-1;PRNAME "PRNAME" true true false 55 Text 0 0 ,First,#,C:\Users\carl\Desktop\webapp\vancouver_features\sample_shapev6.shp,PRNAME,-1,-1;UID "UID" true true false 4 Short 0 4 ,First,#,C:\Users\carl\Desktop\webapp\vancouver_features\sample_shapev6.shp,UID,-1,-1;reccount "reccount" true true false 4 Short 0 4 ,First,#,C:\Users\carl\Desktop\webapp\vancouver_features\sample_shapev6.shp,reccount,-1,-1;culcount "culcount" true true false 4 Short 0 4 ,First,#,C:\Users\carl\Desktop\webapp\vancouver_features\sample_shapev6.shp,culcount,-1,-1;gascount "gascount" true true false 4 Short 0 4 ,First,#,C:\Users\carl\Desktop\webapp\vancouver_features\sample_shapev6.shp,gascount,-1,-1;green "green" true true false 13 Float 0 0 ,First,#,C:\Users\carl\Desktop\webapp\vancouver_features\sample_shapev6.shp,green,-1,-1;area "area" true true false 13 Float 0 0 ,First,#,C:\Users\carl\Desktop\webapp\vancouver_features\sample_shapev6.shp,area,-1,-1;area_final "area_final" true true false 13 Float 0 0 ,First,#,C:\Users\carl\Desktop\webapp\vancouver_features\sample_shapev6.shp,area_final,-1,-1;realarea "realarea" true true false 13 Float 0 0 ,First,#,C:\Users\carl\Desktop\webapp\edmonton_features\ed_greenspace_poly2.shp,realarea,-1,-1" CONTAINS # #</Process><Process ToolSource="c:\program files (x86)\arcgis\desktop10.2\ArcToolbox\Toolboxes\Data Management Tools.tbx\CalculateField" Date="20150303" Time="030123">CalculateField sample_shapet2 green "[realarea]/ [area]" VB #</Process><Process Name="Spatial Join" ToolSource="c:\program files (x86)\arcgis\desktop10.2\ArcToolbox\Toolboxes\Analysis Tools.tbx\SpatialJoin" Date="20150303" Time="125712">SpatialJoin sample_shapet2 van_gas C:\Users\carl\Desktop\webapp\final_shape.shp JOIN_ONE_TO_ONE KEEP_ALL "DAUID "DAUID" true true false 8 Text 0 0 ,First,#,C:\Users\carl\Desktop\webapp\sample_shapet2.shp,DAUID,-1,-1;CDUID "CDUID" true true false 4 Text 0 0 ,First,#,C:\Users\carl\Desktop\webapp\sample_shapet2.shp,CDUID,-1,-1;CDNAME "CDNAME" true true false 40 Text 0 0 ,First,#,C:\Users\carl\Desktop\webapp\sample_shapet2.shp,CDNAME,-1,-1;CDTYPE "CDTYPE" true true false 3 Text 0 0 ,First,#,C:\Users\carl\Desktop\webapp\sample_shapet2.shp,CDTYPE,-1,-1;CSDUID "CSDUID" true true false 7 Text 0 0 ,First,#,C:\Users\carl\Desktop\webapp\sample_shapet2.shp,CSDUID,-1,-1;CSDNAME "CSDNAME" true true false 55 Text 0 0 ,First,#,C:\Users\carl\Desktop\webapp\sample_shapet2.shp,CSDNAME,-1,-1;CSDTYPE "CSDTYPE" true true false 3 Text 0 0 ,First,#,C:\Users\carl\Desktop\webapp\sample_shapet2.shp,CSDTYPE,-1,-1;CCSUID "CCSUID" true true false 7 Text 0 0 ,First,#,C:\Users\carl\Desktop\webapp\sample_shapet2.shp,CCSUID,-1,-1;CCSNAME "CCSNAME" true true false 55 Text 0 0 ,First,#,C:\Users\carl\Desktop\webapp\sample_shapet2.shp,CCSNAME,-1,-1;ERUID "ERUID" true true false 4 Text 0 0 ,First,#,C:\Users\carl\Desktop\webapp\sample_shapet2.shp,ERUID,-1,-1;ERNAME "ERNAME" true true false 85 Text 0 0 ,First,#,C:\Users\carl\Desktop\webapp\sample_shapet2.shp,ERNAME,-1,-1;CMAPUID "CMAPUID" true true false 5 Text 0 0 ,First,#,C:\Users\carl\Desktop\webapp\sample_shapet2.shp,CMAPUID,-1,-1;CMAUID "CMAUID" true true false 3 Text 0 0 ,First,#,C:\Users\carl\Desktop\webapp\sample_shapet2.shp,CMAUID,-1,-1;CMANAME "CMANAME" true true false 100 Text 0 0 ,First,#,C:\Users\carl\Desktop\webapp\sample_shapet2.shp,CMANAME,-1,-1;CMATYPE "CMATYPE" true true false 1 Text 0 0 ,First,#,C:\Users\carl\Desktop\webapp\sample_shapet2.shp,CMATYPE,-1,-1;SACCODE "SACCODE" true true false 3 Text 0 0 ,First,#,C:\Users\carl\Desktop\webapp\sample_shapet2.shp,SACCODE,-1,-1;SACTYPE "SACTYPE" true true false 1 Text 0 0 ,First,#,C:\Users\carl\Desktop\webapp\sample_shapet2.shp,SACTYPE,-1,-1;CTUID "CTUID" true true false 10 Text 0 0 ,First,#,C:\Users\carl\Desktop\webapp\sample_shapet2.shp,CTUID,-1,-1;CTNAME "CTNAME" true true false 7 Text 0 0 ,First,#,C:\Users\carl\Desktop\webapp\sample_shapet2.shp,CTNAME,-1,-1;PRUID "PRUID" true true false 2 Text 0 0 ,First,#,C:\Users\carl\Desktop\webapp\sample_shapet2.shp,PRUID,-1,-1;PRNAME "PRNAME" true true false 55 Text 0 0 ,First,#,C:\Users\carl\Desktop\webapp\sample_shapet2.shp,PRNAME,-1,-1;UID "UID" true true false 4 Short 0 4 ,First,#,C:\Users\carl\Desktop\webapp\sample_shapet2.shp,UID,-1,-1;reccount "reccount" true true false 4 Short 0 4 ,First,#,C:\Users\carl\Desktop\webapp\sample_shapet2.shp,reccount,-1,-1;culcount "culcount" true true false 4 Short 0 4 ,First,#,C:\Users\carl\Desktop\webapp\sample_shapet2.shp,culcount,-1,-1;gascount "gascount" true true false 4 Short 0 4 ,First,#,C:\Users\carl\Desktop\webapp\sample_shapet2.shp,gascount,-1,-1;green "green" true true false 13 Float 0 0 ,First,#,C:\Users\carl\Desktop\webapp\sample_shapet2.shp,green,-1,-1;area "area" true true false 13 Float 0 0 ,First,#,C:\Users\carl\Desktop\webapp\sample_shapet2.shp,area,-1,-1;gascount_1 "gascount_1" true true false 4 Short 0 4 ,Count,#,C:\Users\carl\Desktop\webapp\vancouver_features\van_gas.shp,gascount,-1,-1" INTERSECT # #</Process><Process ToolSource="c:\program files (x86)\arcgis\desktop10.2\ArcToolbox\Toolboxes\Data Management Tools.tbx\CalculateField" Date="20150303" Time="125804">CalculateField final_shape gascount [gascount_1] VB #</Process></lineage><itemProps><itemName Sync="TRUE">final_shape</itemName><imsContentType Sync="TRUE">002</imsContentType><itemSize Sync="TRUE">0.000</itemSize><itemLocation><linkage Sync="TRUE">file://\\CARLSONY\Users\carl\Desktop\webapp\final_shape.shp</linkage><protocol Sync="TRUE">Local Area Network</protocol></itemLocation></itemProps><coordRef><type Sync="TRUE">Projected</type><geogcsn Sync="TRUE">GCS_North_American_1983</geogcsn><csUnits Sync="TRUE">Linear Unit: Meter (1.000000)</csUnits><peXml Sync="TRUE">&lt;ProjectedCoordinateSystem xsi:type='typens:ProjectedCoordinateSystem' xmlns:xsi='http://www.w3.org/2001/XMLSchema-instance' xmlns:xs='http://www.w3.org/2001/XMLSchema' xmlns:typens='http://www.esri.com/schemas/ArcGIS/10.1'&gt;&lt;WKT&gt;PROJCS[&amp;quot;NAD_1983_UTM_Zone_10N&amp;quot;,GEOGCS[&amp;quot;GCS_North_American_1983&amp;quot;,DATUM[&amp;quot;D_North_American_1983&amp;quot;,SPHEROID[&amp;quot;GRS_1980&amp;quot;,6378137.0,298.257222101]],PRIMEM[&amp;quot;Greenwich&amp;quot;,0.0],UNIT[&amp;quot;Degree&amp;quot;,0.0174532925199433]],PROJECTION[&amp;quot;Transverse_Mercator&amp;quot;],PARAMETER[&amp;quot;False_Easting&amp;quot;,500000.0],PARAMETER[&amp;quot;False_Northing&amp;quot;,0.0],PARAMETER[&amp;quot;Central_Meridian&amp;quot;,-123.0],PARAMETER[&amp;quot;Scale_Factor&amp;quot;,0.9996],PARAMETER[&amp;quot;Latitude_Of_Origin&amp;quot;,0.0],UNIT[&amp;quot;Meter&amp;quot;,1.0],AUTHORITY[&amp;quot;EPSG&amp;quot;,26910]]&lt;/WKT&gt;&lt;XOrigin&gt;-5120900&lt;/XOrigin&gt;&lt;YOrigin&gt;-9998100&lt;/YOrigin&gt;&lt;XYScale&gt;450445547.3910538&lt;/XYScale&gt;&lt;ZOrigin&gt;-100000&lt;/ZOrigin&gt;&lt;ZScale&gt;10000&lt;/ZScale&gt;&lt;MOrigin&gt;-100000&lt;/MOrigin&gt;&lt;MScale&gt;10000&lt;/MScale&gt;&lt;XYTolerance&gt;0.001&lt;/XYTolerance&gt;&lt;ZTolerance&gt;0.001&lt;/ZTolerance&gt;&lt;MTolerance&gt;0.001&lt;/MTolerance&gt;&lt;HighPrecision&gt;true&lt;/HighPrecision&gt;&lt;WKID&gt;26910&lt;/WKID&gt;&lt;LatestWKID&gt;26910&lt;/LatestWKID&gt;&lt;/ProjectedCoordinateSystem&gt;</peXml><projcsn Sync="TRUE">NAD_1983_UTM_Zone_10N</projcsn></coordRef><copyHistory><copy source="C:\Users\carl\Desktop\webapp\vancouver_features\streets\sample_shape" dest="\\CARLSONY\Users\carl\Desktop\webapp\vancouver_features\sample_shape" date="20150302" time="23423000"></copy></copyHistory></DataProperties><SyncDate>20150303</SyncDate><SyncTime>12571100</SyncTime><ModDate>20150303</ModDate><ModTime>12571100</ModTime></Esri><dataIdInfo><envirDesc Sync="TRUE"> Version 6.2 (Build 9200) ; Esri ArcGIS 10.2.0.3348</envirDesc><dataLang><languageCode value="eng" Sync="TRUE"></languageCode><countryCode value="CAN" Sync="TRUE"></countryCode></dataLang><idCitation><resTitle Sync="TRUE">final_shape</resTitle><presForm><PresFormCd value="005" Sync="TRUE"></PresFormCd></presForm></idCitation><spatRpType><SpatRepTypCd value="001" Sync="TRUE"></SpatRepTypCd></spatRpType></dataIdInfo><mdLang><languageCode value="eng" Sync="TRUE"></languageCode><countryCode value="CAN" Sync="TRUE"></countryCode></mdLang><mdChar><CharSetCd value="004" Sync="TRUE"></CharSetCd></mdChar><distInfo><distFormat><formatName Sync="TRUE">Shapefile</formatName></distFormat><distTranOps><transSize Sync="TRUE">0.000</transSize></distTranOps></distInfo><mdHrLv><ScopeCd value="005" Sync="TRUE"></ScopeCd></mdHrLv><mdHrLvName Sync="TRUE">dataset</mdHrLvName><refSysInfo><RefSystem><refSysID><identCode code="26910" Sync="TRUE"></identCode><idCodeSpace Sync="TRUE">EPSG</idCodeSpace><idVersion Sync="TRUE">8.1.1</idVersion></refSysID></RefSystem></refSysInfo><spatRepInfo><VectSpatRep><geometObjs Name="final_shape"><geoObjTyp><GeoObjTypCd value="002" Sync="TRUE"></GeoObjTypCd></geoObjTyp><geoObjCnt Sync="TRUE">0</geoObjCnt></geometObjs><topLvl><TopoLevCd value="001" Sync="TRUE"></TopoLevCd></topLvl></VectSpatRep></spatRepInfo><spdoinfo><ptvctinf><esriterm Name="final_shape"><efeatyp Sync="TRUE">Simple</efeatyp><efeageom code="4" Sync="TRUE"></efeageom><esritopo Sync="TRUE">FALSE</esritopo><efeacnt Sync="TRUE">0</efeacnt><spindex Sync="TRUE">FALSE</spindex><linrefer Sync="TRUE">TRUE</linrefer></esriterm></ptvctinf></spdoinfo><eainfo><detailed Name="final_shape"><enttyp><enttypl Sync="TRUE">final_shape</enttypl><enttypt Sync="TRUE">Feature Class</enttypt><enttypc Sync="TRUE">0</enttypc></enttyp><attr><attrlabl Sync="TRUE">FID</attrlabl><attalias Sync="TRUE">FID</attalias><attrtype Sync="TRUE">OID</attrtype><attwidth Sync="TRUE">4</attwidth><atprecis Sync="TRUE">0</atprecis><attscale Sync="TRUE">0</attscale><attrdef Sync="TRUE">Internal feature number.</attrdef><attrdefs Sync="TRUE">Esri</attrdefs><attrdomv><udom Sync="TRUE">Sequential unique whole numbers that are automatically generated.</udom></attrdomv></attr><attr><attrlabl Sync="TRUE">Shape</attrlabl><attalias Sync="TRUE">Shape</attalias><attrtype Sync="TRUE">Geometry</attrtype><attwidth Sync="TRUE">0</attwidth><atprecis Sync="TRUE">0</atprecis><attscale Sync="TRUE">0</attscale><attrdef Sync="TRUE">Feature geometry.</attrdef><attrdefs Sync="TRUE">Esri</attrdefs><attrdomv><udom Sync="TRUE">Coordinates defining the features.</udom></attrdomv></attr><attr><attrlabl Sync="TRUE">Join_Count</attrlabl><attalias Sync="TRUE">Join_Count</attalias><attrtype Sync="TRUE">Integer</attrtype><attwidth Sync="TRUE">9</attwidth><atprecis Sync="TRUE">9</atprecis><attscale Sync="TRUE">0</attscale></attr><attr><attrlabl Sync="TRUE">TARGET_FID</attrlabl><attalias Sync="TRUE">TARGET_FID</attalias><attrtype Sync="TRUE">Integer</attrtype><attwidth Sync="TRUE">9</attwidth><atprecis Sync="TRUE">9</atprecis><attscale Sync="TRUE">0</attscale></attr><attr><attrlabl Sync="TRUE">DAUID</attrlabl><attalias Sync="TRUE">DAUID</attalias><attrtype Sync="TRUE">String</attrtype><attwidth Sync="TRUE">8</attwidth><atprecis Sync="TRUE">0</atprecis><attscale Sync="TRUE">0</attscale></attr><attr><attrlabl Sync="TRUE">CDUID</attrlabl><attalias Sync="TRUE">CDUID</attalias><attrtype Sync="TRUE">String</attrtype><attwidth Sync="TRUE">4</attwidth><atprecis Sync="TRUE">0</atprecis><attscale Sync="TRUE">0</attscale></attr><attr><attrlabl Sync="TRUE">CDNAME</attrlabl><attalias Sync="TRUE">CDNAME</attalias><attrtype Sync="TRUE">String</attrtype><attwidth Sync="TRUE">40</attwidth><atprecis Sync="TRUE">0</atprecis><attscale Sync="TRUE">0</attscale></attr><attr><attrlabl Sync="TRUE">CDTYPE</attrlabl><attalias Sync="TRUE">CDTYPE</attalias><attrtype Sync="TRUE">String</attrtype><attwidth Sync="TRUE">3</attwidth><atprecis Sync="TRUE">0</atprecis><attscale Sync="TRUE">0</attscale></attr><attr><attrlabl Sync="TRUE">CSDUID</attrlabl><attalias Sync="TRUE">CSDUID</attalias><attrtype Sync="TRUE">String</attrtype><attwidth Sync="TRUE">7</attwidth><atprecis Sync="TRUE">0</atprecis><attscale Sync="TRUE">0</attscale></attr><attr><attrlabl Sync="TRUE">CSDNAME</attrlabl><attalias Sync="TRUE">CSDNAME</attalias><attrtype Sync="TRUE">String</attrtype><attwidth Sync="TRUE">55</attwidth><atprecis Sync="TRUE">0</atprecis><attscale Sync="TRUE">0</attscale></attr><attr><attrlabl Sync="TRUE">CSDTYPE</attrlabl><attalias Sync="TRUE">CSDTYPE</attalias><attrtype Sync="TRUE">String</attrtype><attwidth Sync="TRUE">3</attwidth><atprecis Sync="TRUE">0</atprecis><attscale Sync="TRUE">0</attscale></attr><attr><attrlabl Sync="TRUE">CCSUID</attrlabl><attalias Sync="TRUE">CCSUID</attalias><attrtype Sync="TRUE">String</attrtype><attwidth Sync="TRUE">7</attwidth><atprecis Sync="TRUE">0</atprecis><attscale Sync="TRUE">0</attscale></attr><attr><attrlabl Sync="TRUE">CCSNAME</attrlabl><attalias Sync="TRUE">CCSNAME</attalias><attrtype Sync="TRUE">String</attrtype><attwidth Sync="TRUE">55</attwidth><atprecis Sync="TRUE">0</atprecis><attscale Sync="TRUE">0</attscale></attr><attr><attrlabl Sync="TRUE">ERUID</attrlabl><attalias Sync="TRUE">ERUID</attalias><attrtype Sync="TRUE">String</attrtype><attwidth Sync="TRUE">4</attwidth><atprecis Sync="TRUE">0</atprecis><attscale Sync="TRUE">0</attscale></attr><attr><attrlabl Sync="TRUE">ERNAME</attrlabl><attalias Sync="TRUE">ERNAME</attalias><attrtype Sync="TRUE">String</attrtype><attwidth Sync="TRUE">85</attwidth><atprecis Sync="TRUE">0</atprecis><attscale Sync="TRUE">0</attscale></attr><attr><attrlabl Sync="TRUE">CMAPUID</attrlabl><attalias Sync="TRUE">CMAPUID</attalias><attrtype Sync="TRUE">String</attrtype><attwidth Sync="TRUE">5</attwidth><atprecis Sync="TRUE">0</atprecis><attscale Sync="TRUE">0</attscale></attr><attr><attrlabl Sync="TRUE">CMAUID</attrlabl><attalias Sync="TRUE">CMAUID</attalias><attrtype Sync="TRUE">String</attrtype><attwidth Sync="TRUE">3</attwidth><atprecis Sync="TRUE">0</atprecis><attscale Sync="TRUE">0</attscale></attr><attr><attrlabl Sync="TRUE">CMANAME</attrlabl><attalias Sync="TRUE">CMANAME</attalias><attrtype Sync="TRUE">String</attrtype><attwidth Sync="TRUE">100</attwidth><atprecis Sync="TRUE">0</atprecis><attscale Sync="TRUE">0</attscale></attr><attr><attrlabl Sync="TRUE">CMATYPE</attrlabl><attalias Sync="TRUE">CMATYPE</attalias><attrtype Sync="TRUE">String</attrtype><attwidth Sync="TRUE">1</attwidth><atprecis Sync="TRUE">0</atprecis><attscale Sync="TRUE">0</attscale></attr><attr><attrlabl Sync="TRUE">SACCODE</attrlabl><attalias Sync="TRUE">SACCODE</attalias><attrtype Sync="TRUE">String</attrtype><attwidth Sync="TRUE">3</attwidth><atprecis Sync="TRUE">0</atprecis><attscale Sync="TRUE">0</attscale></attr><attr><attrlabl Sync="TRUE">SACTYPE</attrlabl><attalias Sync="TRUE">SACTYPE</attalias><attrtype Sync="TRUE">String</attrtype><attwidth Sync="TRUE">1</attwidth><atprecis Sync="TRUE">0</atprecis><attscale Sync="TRUE">0</attscale></attr><attr><attrlabl Sync="TRUE">CTUID</attrlabl><attalias Sync="TRUE">CTUID</attalias><attrtype Sync="TRUE">String</attrtype><attwidth Sync="TRUE">10</attwidth><atprecis Sync="TRUE">0</atprecis><attscale Sync="TRUE">0</attscale></attr><attr><attrlabl Sync="TRUE">CTNAME</attrlabl><attalias Sync="TRUE">CTNAME</attalias><attrtype Sync="TRUE">String</attrtype><attwidth Sync="TRUE">7</attwidth><atprecis Sync="TRUE">0</atprecis><attscale Sync="TRUE">0</attscale></attr><attr><attrlabl Sync="TRUE">PRUID</attrlabl><attalias Sync="TRUE">PRUID</attalias><attrtype Sync="TRUE">String</attrtype><attwidth Sync="TRUE">2</attwidth><atprecis Sync="TRUE">0</atprecis><attscale Sync="TRUE">0</attscale></attr><attr><attrlabl Sync="TRUE">PRNAME</attrlabl><attalias Sync="TRUE">PRNAME</attalias><attrtype Sync="TRUE">String</attrtype><attwidth Sync="TRUE">55</attwidth><atprecis Sync="TRUE">0</atprecis><attscale Sync="TRUE">0</attscale></attr><attr><attrlabl Sync="TRUE">UID</attrlabl><attalias Sync="TRUE">UID</attalias><attrtype Sync="TRUE">SmallInteger</attrtype><attwidth Sync="TRUE">4</attwidth><atprecis Sync="TRUE">4</atprecis><attscale Sync="TRUE">0</attscale></attr><attr><attrlabl Sync="TRUE">reccount</attrlabl><attalias Sync="TRUE">reccount</attalias><attrtype Sync="TRUE">SmallInteger</attrtype><attwidth Sync="TRUE">4</attwidth><atprecis Sync="TRUE">4</atprecis><attscale Sync="TRUE">0</attscale></attr><attr><attrlabl Sync="TRUE">culcount</attrlabl><attalias Sync="TRUE">culcount</attalias><attrtype Sync="TRUE">SmallInteger</attrtype><attwidth Sync="TRUE">4</attwidth><atprecis Sync="TRUE">4</atprecis><attscale Sync="TRUE">0</attscale></attr><attr><attrlabl Sync="TRUE">gascount</attrlabl><attalias Sync="TRUE">gascount</attalias><attrtype Sync="TRUE">SmallInteger</attrtype><attwidth Sync="TRUE">4</attwidth><atprecis Sync="TRUE">4</atprecis><attscale Sync="TRUE">0</attscale></attr><attr><attrlabl Sync="TRUE">green</attrlabl><attalias Sync="TRUE">green</attalias><attrtype Sync="TRUE">Single</attrtype><attwidth Sync="TRUE">13</attwidth><atprecis Sync="TRUE">0</atprecis><attscale Sync="TRUE">0</attscale></attr><attr><attrlabl Sync="TRUE">area</attrlabl><attalias Sync="TRUE">area</attalias><attrtype Sync="TRUE">Single</attrtype><attwidth Sync="TRUE">13</attwidth><atprecis Sync="TRUE">0</atprecis><attscale Sync="TRUE">0</attscale></attr><attr><attrlabl Sync="TRUE">gascount_1</attrlabl><attalias Sync="TRUE">gascount_1</attalias><attrtype Sync="TRUE">SmallInteger</attrtype><attwidth Sync="TRUE">4</attwidth><atprecis Sync="TRUE">4</atprecis><attscale Sync="TRUE">0</attscale></attr></detailed></eainfo><mdDateSt Sync="TRUE">20150303</mdDateSt></metadata>
