<?xml version="1.0" encoding="UTF-8"?>
<metadata xml:lang="en"><Esri><CreaDate>20150303</CreaDate><CreaTime>14474900</CreaTime><ArcGISFormat>1.0</ArcGISFormat><SyncOnce>TRUE</SyncOnce><DataProperties><itemProps><itemLocation><linkage Sync="TRUE">file://\\CARLSONY\Users\carl\Desktop\webapp\edmonton_features\routes\ed_emergency_routes</linkage><protocol Sync="TRUE">Local Area Network</protocol></itemLocation></itemProps><copyHistory><copy source="C:\Users\carl\Desktop\webapp\edmonton_features\other\ed_emergency_routes" dest="\\CARLSONY\Users\carl\Desktop\webapp\edmonton_features\routes\ed_emergency_routes" date="20150303" time="14503000"></copy></copyHistory></DataProperties></Esri></metadata>
