<?xml version="1.0" encoding="UTF-8"?>
<metadata xml:lang="en"><Esri><CreaDate>20150303</CreaDate><CreaTime>14471200</CreaTime><ArcGISFormat>1.0</ArcGISFormat><SyncOnce>TRUE</SyncOnce><DataProperties><itemProps><itemLocation><linkage Sync="TRUE">file://\\CARLSONY\Users\carl\Desktop\webapp\vancouver_features\routes\van_emergency_route</linkage><protocol Sync="TRUE">Local Area Network</protocol></itemLocation></itemProps><copyHistory><copy source="C:\Users\carl\Desktop\webapp\vancouver_features\van_data2\van_emergency_route" dest="\\CARLSONY\Users\carl\Desktop\webapp\vancouver_features\routes\van_emergency_route" date="20150303" time="14495900"></copy></copyHistory></DataProperties></Esri></metadata>
